,actual,predicted,compare,buy_sell
2018-01-03 21:13:40,0.987362681,1.0033159409734895,,1
2018-01-03 21:13:50,0.987322719,1.0032147785943093,,1
2018-01-03 21:14:00,0.987306068,1.0034551082207992,,1
2018-01-03 21:14:10,0.987168199,1.0038410556543704,0.987362681,1
2018-01-03 21:14:20,0.987262776,1.004091646106312,0.987322719,1
2018-01-03 21:14:30,0.987176191,1.0041511190799728,0.987306068,1
2018-01-03 21:14:40,0.987012347,1.0040895960366931,0.987168199,1
2018-01-03 21:14:50,0.987003688,1.0042170041964278,0.987262776,1
2018-01-03 21:15:00,0.987110254,1.0040219123071996,0.987176191,1
2018-01-03 21:15:10,0.987080948,1.003772746775879,0.987012347,1
2018-01-03 21:15:20,0.98707229,1.003718879188484,0.987003688,1
2018-01-03 21:15:30,0.987050977,1.003844439840845,0.987110254,1
2018-01-03 21:15:40,0.987095601,1.0038261428821855,0.987080948,1
2018-01-03 21:15:50,0.987208827,1.0035663882348784,0.98707229,1
2018-01-03 21:16:00,0.986989036,1.0033875537120482,0.987050977,1
2018-01-03 21:16:10,0.986997028,1.0034544830718013,0.987095601,1
2018-01-03 21:16:20,0.986723288,1.003568089059247,0.987208827,1
2018-01-03 21:16:30,0.9866407,1.0032840967915742,0.986989036,1
2018-01-03 21:16:40,0.986705972,1.0032815473012473,0.986997028,1
2018-01-03 21:16:50,0.0,0.0,0.986723288,0
2018-01-03 21:17:00,0.0,0.0,0.9866407,0
2018-01-03 21:17:10,0.0,0.0,0.986705972,0
2018-01-03 21:17:20,0.0,0.0,0.0,0
2018-01-03 21:17:30,0.0,0.0,0.0,0
2018-01-03 21:17:40,0.0,0.0,0.0,0
2018-01-03 21:17:50,0.0,0.0,0.0,0
2018-01-03 21:18:00,0.0,0.0,0.0,0
2018-01-03 21:18:10,0.0,0.0,0.0,0
2018-01-03 21:18:20,0.0,0.0,0.0,0
2018-01-03 21:18:30,0.0,0.0,0.0,0
2018-01-03 21:18:40,0.0,0.0,0.0,0
2018-01-03 21:18:50,0.0,0.0,0.0,0
2018-01-03 21:19:00,0.0,0.0,0.0,0
2018-01-03 21:19:10,0.986611395,1.0031657655158928,0.0,1
2018-01-03 21:19:20,0.986530139,1.0031888925363628,0.0,1
2018-01-03 21:19:30,0.986452879,1.0032834891048386,0.0,1
2018-01-03 21:19:40,0.986520148,1.0029445465894953,0.986611395,1
2018-01-03 21:19:50,0.986607399,1.0024750736618802,0.986530139,1
2018-01-03 21:20:00,0.986562108,1.0022974946757244,0.986452879,1
2018-01-03 21:20:10,0.986386941,1.0023498570160907,0.986520148,1
2018-01-03 21:20:20,0.986399596,1.0020610626262272,0.986607399,1
2018-01-03 21:20:30,0.986464201,1.0014345725265634,0.986562108,1
2018-01-03 21:20:40,0.98627305,1.0010675140223506,0.986386941,1
2018-01-03 21:20:50,0.986498169,1.0012308403098449,0.986399596,1
2018-01-03 21:21:00,0.986462869,1.001575721740668,0.986464201,1
2018-01-03 21:21:10,0.986510158,1.0014076719111649,0.98627305,1
2018-01-03 21:21:20,0.986540129,1.001441496313649,0.986498169,1
2018-01-03 21:21:30,0.986689987,1.0011495464929496,0.986462869,1
2018-01-03 21:21:40,0.986777903,1.0009862795771485,0.986510158,1
2018-01-03 21:21:50,0.986695981,1.000965347563076,0.986540129,1
2018-01-03 21:22:00,0.0,0.0,0.986689987,0
2018-01-03 21:22:10,0.0,0.0,0.986777903,0
2018-01-03 21:22:20,0.0,0.0,0.986695981,0
2018-01-03 21:22:30,0.0,0.0,0.0,0
2018-01-03 21:22:40,0.0,0.0,0.0,0
2018-01-03 21:22:50,0.986789226,1.0010887201939442,0.0,1
2018-01-03 21:23:00,0.986835848,1.001358712965762,0.0,1
2018-01-03 21:23:10,0.0,0.0,0.0,0
2018-01-03 21:23:20,0.986852499,1.0013631850511908,0.986789226,1
2018-01-03 21:23:30,0.986732613,1.0015305259128364,0.986835848,1
2018-01-03 21:23:40,0.98643423,1.001639881585587,0.0,1
2018-01-03 21:23:50,0.986483516,1.0016896752271378,0.986852499,1
2018-01-03 21:24:00,0.986462203,1.001636439773646,0.986732613,1
2018-01-03 21:24:10,0.0,0.0,0.98643423,0
2018-01-03 21:24:20,0.0,0.0,0.986483516,0
2018-01-03 21:24:30,0.0,0.0,0.986462203,0
2018-01-03 21:24:40,0.0,0.0,0.0,0
2018-01-03 21:24:50,0.0,0.0,0.0,0
2018-01-03 21:25:00,0.0,0.0,0.0,0
2018-01-03 21:25:10,0.0,0.0,0.0,0
2018-01-03 21:25:20,0.0,0.0,0.0,0
2018-01-03 21:25:30,0.0,0.0,0.0,0
2018-01-03 21:25:40,0.0,0.0,0.0,0
2018-01-03 21:25:50,0.98648285,1.00159616481139,0.0,1
2018-01-03 21:26:00,0.986638036,1.0014250119378385,0.0,1
2018-01-03 21:26:10,0.986819197,1.001110504366427,0.0,1
2018-01-03 21:26:20,0.986719958,1.000914600481992,0.98648285,1
2018-01-03 21:26:30,0.986770577,1.0009619005124564,0.986638036,1
2018-01-03 21:26:40,0.986947076,1.0011401448108137,0.986819197,1
2018-01-03 21:26:50,0.986957066,1.001173516940699,0.986719958,1
2018-01-03 21:27:00,0.986863821,1.0013392949298494,0.986770577,1
2018-01-03 21:27:10,0.986775239,1.001726031657686,0.986947076,1
2018-01-03 21:27:20,0.986895791,1.002017344105804,0.986957066,1
2018-01-03 21:27:30,0.986864487,1.0020169372350871,0.986863821,1
2018-01-03 21:27:40,0.986940415,1.0019117550430772,0.986775239,1
2018-01-03 21:27:50,0.986850501,1.0021405735461195,0.986895791,1
2018-01-03 21:28:00,0.986850501,1.0022053777485251,0.986864487,1
2018-01-03 21:28:10,0.986891795,1.0021788700340328,0.986940415,1
2018-01-03 21:28:20,0.986257065,1.002035752822943,0.986850501,1
2018-01-03 21:28:30,0.986235752,1.0020672966539437,0.986850501,1
2018-01-03 21:28:40,0.986277046,1.002254114923194,0.986891795,1
2018-01-03 21:28:50,0.0,0.0,0.986257065,0
2018-01-03 21:29:00,0.0,0.0,0.986235752,0
2018-01-03 21:29:10,0.0,0.0,0.986277046,0
2018-01-03 21:29:20,0.0,0.0,0.0,0
2018-01-03 21:29:30,0.0,0.0,0.0,0
2018-01-03 21:29:40,0.0,0.0,0.0,0
2018-01-03 21:29:50,0.0,0.0,0.0,0
2018-01-03 21:30:00,0.0,0.0,0.0,0
2018-01-03 21:30:10,0.0,0.0,0.0,0
2018-01-03 21:30:20,0.0,0.0,0.0,0
2018-01-03 21:30:30,0.0,0.0,0.0,0
2018-01-03 21:30:40,0.0,0.0,0.0,0
2018-01-03 21:30:50,0.0,0.0,0.0,0
2018-01-03 21:31:00,0.0,0.0,0.0,0
2018-01-03 21:31:10,0.0,0.0,0.0,0
2018-01-03 21:31:20,0.0,0.0,0.0,0
2018-01-03 21:31:30,0.0,0.0,0.0,0
2018-01-03 21:31:40,0.0,0.0,0.0,0
2018-01-03 21:31:50,0.0,0.0,0.0,0
2018-01-03 21:32:00,0.0,0.0,0.0,0
2018-01-03 21:32:10,0.0,0.0,0.0,0
2018-01-03 21:32:20,0.0,0.0,0.0,0
2018-01-03 21:32:30,0.0,0.0,0.0,0
2018-01-03 21:32:40,0.0,0.0,0.0,0
2018-01-03 21:32:50,0.0,0.0,0.0,0
2018-01-03 21:33:00,0.0,0.0,0.0,0
2018-01-03 21:33:10,0.0,0.0,0.0,0
2018-01-03 21:33:20,0.0,0.0,0.0,0
2018-01-03 21:33:30,0.0,0.0,0.0,0
2018-01-03 21:33:40,0.0,0.0,0.0,0
2018-01-03 21:33:50,0.0,0.0,0.0,0
2018-01-03 21:34:00,0.0,0.0,0.0,0
2018-01-03 21:34:10,0.0,0.0,0.0,0
2018-01-03 21:34:20,0.0,0.0,0.0,0
2018-01-03 21:34:30,0.0,0.0,0.0,0
2018-01-03 21:34:40,0.0,0.0,0.0,0
2018-01-03 21:34:50,0.0,0.0,0.0,0
2018-01-03 21:35:00,0.0,0.0,0.0,0
2018-01-03 21:35:10,0.0,0.0,0.0,0
2018-01-03 21:35:20,0.0,0.0,0.0,0
2018-01-03 21:35:30,0.0,0.0,0.0,0
2018-01-03 21:35:40,0.0,0.0,0.0,0
2018-01-03 21:35:50,0.0,0.0,0.0,0
2018-01-03 21:36:00,0.0,0.0,0.0,0
2018-01-03 21:36:10,0.0,0.0,0.0,0
2018-01-03 21:36:20,0.0,0.0,0.0,0
2018-01-03 21:36:30,0.0,0.0,0.0,0
2018-01-03 21:36:40,0.0,0.0,0.0,0
2018-01-03 21:36:50,0.0,0.0,0.0,0
2018-01-03 21:37:00,0.0,0.0,0.0,0
2018-01-03 21:37:10,0.0,0.0,0.0,0
2018-01-03 21:37:20,0.0,0.0,0.0,0
2018-01-03 21:37:30,0.986240414,1.0019275985538536,0.0,1
2018-01-03 21:37:40,0.986211775,1.001624341918178,0.0,1
2018-01-03 21:37:50,0.986322336,1.0013541186444952,0.0,1
2018-01-03 21:38:00,0.986327665,1.0005802348256527,0.986240414,1
2018-01-03 21:38:10,0.986418911,1.000059251716082,0.986211775,1
2018-01-03 21:38:20,0.986376951,1.0003805241679904,0.986322336,1
2018-01-03 21:38:30,0.986360966,0.9998766505832282,0.986327665,1
2018-01-03 21:38:40,0.986322336,0.9998411096403391,0.986418911,1
2018-01-03 21:38:50,0.986313012,1.000105367805148,0.986376951,1
2018-01-03 21:39:00,0.0,0.0,0.986360966,0
2018-01-03 21:39:10,0.0,0.0,0.986322336,0
2018-01-03 21:39:20,0.0,0.0,0.986313012,0
2018-01-03 21:39:30,0.0,0.0,0.0,0
2018-01-03 21:39:40,0.0,0.0,0.0,0
2018-01-03 21:39:50,0.0,0.0,0.0,0
2018-01-03 21:40:00,0.0,0.0,0.0,0
2018-01-03 21:40:10,0.0,0.0,0.0,0
2018-01-03 21:40:20,0.0,0.0,0.0,0
2018-01-03 21:40:30,0.0,0.0,0.0,0
2018-01-03 21:40:40,0.0,0.0,0.0,0
2018-01-03 21:40:50,0.0,0.0,0.0,0
2018-01-03 21:41:00,0.0,0.0,0.0,0
2018-01-03 21:41:10,0.0,0.0,0.0,0
2018-01-03 21:41:20,0.0,0.0,0.0,0
2018-01-03 21:41:30,0.0,0.0,0.0,0
2018-01-03 21:41:40,0.0,0.0,0.0,0
2018-01-03 21:41:50,0.0,0.0,0.0,0
2018-01-03 21:42:00,0.0,0.0,0.0,0
2018-01-03 21:42:10,0.0,0.0,0.0,0
2018-01-03 21:42:20,0.0,0.0,0.0,0
2018-01-03 21:42:30,0.0,0.0,0.0,0
2018-01-03 21:42:40,0.0,0.0,0.0,0
2018-01-03 21:42:50,0.0,0.0,0.0,0
2018-01-03 21:43:00,0.0,0.0,0.0,0
2018-01-03 21:43:10,0.0,0.0,0.0,0
2018-01-03 21:43:20,0.0,0.0,0.0,0
2018-01-03 21:43:30,0.0,0.0,0.0,0
2018-01-03 21:43:40,0.0,0.0,0.0,0
2018-01-03 21:43:50,0.0,0.0,0.0,0
2018-01-03 21:44:00,0.0,0.0,0.0,0
2018-01-03 21:44:10,0.986299025,1.0002970405833769,0.0,1
2018-01-03 21:44:20,0.986326332,1.0006656794223463,0.0,1
2018-01-03 21:44:30,0.986380947,1.0006225790660164,0.0,1
2018-01-03 21:44:40,0.986667342,1.0005721742452776,0.986299025,1
2018-01-03 21:44:50,0.986701309,1.000363096830004,0.986326332,1
2018-01-03 21:45:00,0.986641366,0.999830532747936,0.986380947,1
2018-01-03 21:45:10,0.0,0.0,0.986667342,0
2018-01-03 21:45:20,0.0,0.0,0.986701309,0
2018-01-03 21:45:30,0.0,0.0,0.986641366,0
2018-01-03 21:45:40,0.0,0.0,0.0,0
2018-01-03 21:45:50,0.0,0.0,0.0,0
2018-01-03 21:46:00,0.0,0.0,0.0,0
2018-01-03 21:46:10,0.0,0.0,0.0,0
2018-01-03 21:46:20,0.98659541,1.0001092252189367,0.0,1
2018-01-03 21:46:30,0.986530139,1.000654250371533,0.0,1
2018-01-03 21:46:40,0.98644089,1.0010224736086553,0.0,1
2018-01-03 21:46:50,0.986487513,1.0012763312499129,0.98659541,1
2018-01-03 21:47:00,0.986414915,1.0013573369394762,0.986530139,1
2018-01-03 21:47:10,0.986397598,1.00102185195211,0.98644089,1
2018-01-03 21:47:20,0.986388274,1.0011467612620792,0.986487513,1
2018-01-03 21:47:30,0.986478188,1.001040648331477,0.986414915,1
2018-01-03 21:47:40,0.986481518,1.0009961894111234,0.986397598,1
2018-01-03 21:47:50,0.986434896,1.0010058966828534,0.986388274,1
2018-01-03 21:48:00,0.986411585,1.0009076068458562,0.986478188,1
2018-01-03 21:48:10,0.986392936,1.0004877791305606,0.986481518,1
2018-01-03 21:48:20,0.986260395,1.0001731405921803,0.986434896,1
2018-01-03 21:48:30,0.986253735,1.0002107543056298,0.986411585,1
2018-01-03 21:48:40,0.986287702,1.0004245622478174,0.986392936,1
2018-01-03 21:48:50,0.0,0.0,0.986260395,0
2018-01-03 21:49:00,0.0,0.0,0.986253735,0
2018-01-03 21:49:10,0.0,0.0,0.986287702,0
2018-01-03 21:49:20,0.0,0.0,0.0,0
2018-01-03 21:49:30,0.0,0.0,0.0,0
2018-01-03 21:49:40,0.0,0.0,0.0,0
2018-01-03 21:49:50,0.0,0.0,0.0,0
2018-01-03 21:50:00,0.985977997,1.0008284713646078,0.0,1
2018-01-03 21:50:10,0.985941365,1.000484311125226,0.0,1
2018-01-03 21:50:20,0.985940699,0.999998795617042,0.0,1
2018-01-03 21:50:30,0.0,0.0,0.985977997,0
2018-01-03 21:50:40,0.0,0.0,0.985941365,0
2018-01-03 21:50:50,0.0,0.0,0.985940699,0
2018-01-03 21:51:00,0.0,0.0,0.0,0
2018-01-03 21:51:10,0.0,0.0,0.0,0
2018-01-03 21:51:20,0.0,0.0,0.0,0
2018-01-03 21:51:30,0.0,0.0,0.0,0
2018-01-03 21:51:40,0.0,0.0,0.0,0
2018-01-03 21:51:50,0.0,0.0,0.0,0
2018-01-03 21:52:00,0.0,0.0,0.0,0
2018-01-03 21:52:10,0.0,0.0,0.0,0
2018-01-03 21:52:20,0.985898073,0.9996307452563185,0.0,1
2018-01-03 21:52:30,0.985835466,0.9993171963631188,0.0,1
2018-01-03 21:52:40,0.985780851,0.999096572899873,0.0,1
2018-01-03 21:52:50,0.985776855,0.9989126952756294,0.985898073,1
2018-01-03 21:53:00,0.985850785,0.9986829966745564,0.985835466,1
2018-01-03 21:53:10,0.985798168,0.9987643009688087,0.985780851,1
2018-01-03 21:53:20,0.985710251,0.998552064630247,0.985776855,1
2018-01-03 21:53:30,0.985716246,0.9983934287064636,0.985850785,1
2018-01-03 21:53:40,0.985739557,0.9979103823621984,0.985798168,1
2018-01-03 21:53:50,0.985698263,0.9976592924895492,0.985710251,1
2018-01-03 21:54:00,0.985989319,0.9977980633435,0.985716246,1
2018-01-03 21:54:10,0.985966008,0.9980885201407546,0.985739557,1
2018-01-03 21:54:20,0.985824809,0.998184726729834,0.985698263,1
2018-01-03 21:54:30,0.0,0.0,0.985989319,0
2018-01-03 21:54:40,0.0,0.0,0.985966008,0
2018-01-03 21:54:50,0.0,0.0,0.985824809,0
2018-01-03 21:55:00,0.0,0.0,0.0,0
2018-01-03 21:55:10,0.0,0.0,0.0,0
2018-01-03 21:55:20,0.0,0.0,0.0,0
2018-01-03 21:55:30,0.0,0.0,0.0,0
2018-01-03 21:55:40,0.0,0.0,0.0,0
2018-01-03 21:55:50,0.0,0.0,0.0,0
2018-01-03 21:56:00,0.0,0.0,0.0,0
2018-01-03 21:56:10,0.0,0.0,0.0,0
2018-01-03 21:56:20,0.985778853,0.998228874821915,0.0,1
2018-01-03 21:56:30,0.985769528,0.99821130254715,0.0,1
2018-01-03 21:56:40,0.985723572,0.9981124574102048,0.0,1
2018-01-03 21:56:50,0.985708919,0.9981734426157992,0.985778853,1
2018-01-03 21:57:00,0.985655637,0.9982058543212464,0.985769528,1
2018-01-03 21:57:10,0.98564165,0.9981174813031296,0.985723572,1
2018-01-03 21:57:20,0.98569027,0.9980807319716746,0.985708919,1
2018-01-03 21:57:30,0.985699595,0.9979337067062348,0.985655637,1
2018-01-03 21:57:40,0.985618339,0.9978469803794726,0.98564165,1
2018-01-03 21:57:50,0.98539988,0.9977602680225204,0.98569027,1
2018-01-03 21:58:00,0.985361916,0.9973653781643173,0.985699595,1
2018-01-03 21:58:10,0.985173428,0.9969805919712029,0.985618339,1
2018-01-03 21:58:20,0.985317292,0.9966992050730968,0.98539988,1
2018-01-03 21:58:30,0.985437178,0.9967710622833306,0.985361916,1
2018-01-03 21:58:40,0.985291982,0.9970843474963662,0.985173428,1
2018-01-03 21:58:50,0.985321288,0.9978921377903268,0.985317292,1
2018-01-03 21:59:00,0.985395218,0.9980203806462092,0.985437178,1
2018-01-03 21:59:10,0.985419861,0.9974827839400856,0.985291982,1
2018-01-03 21:59:20,0.985509775,0.9972370148188232,0.985321288,1
2018-01-03 21:59:30,0.985542411,0.9962047453940543,0.985395218,1
2018-01-03 21:59:40,0.985477806,0.9963592776861476,0.985419861,1
2018-01-03 21:59:50,0.98549046,0.9963975165485948,0.985509775,1
2018-01-03 22:00:00,0.985586369,0.996138586120078,0.985542411,1
2018-01-03 22:00:10,0.985501783,0.9960460221589584,0.985477806,1
2018-01-03 22:00:20,0.98544184,0.9961584791295308,0.98549046,1
2018-01-03 22:00:30,0.985167434,0.996343905656459,0.985586369,1
2018-01-03 22:00:40,0.0,0.0,0.985501783,0
2018-01-03 22:00:50,0.985088176,0.9963645443045209,0.98544184,1
2018-01-03 22:01:00,0.985025569,0.9963021306858534,0.985167434,1
2018-01-03 22:01:10,0.0,0.0,0.0,0
2018-01-03 22:01:20,0.0,0.0,0.985088176,0
2018-01-03 22:01:30,0.0,0.0,0.985025569,0
2018-01-03 22:01:40,0.0,0.0,0.0,0
2018-01-03 22:01:50,0.0,0.0,0.0,0
2018-01-03 22:02:00,0.0,0.0,0.0,0
2018-01-03 22:02:10,0.985064865,0.9961738232195994,0.0,1
2018-01-03 22:02:20,0.984952971,0.9956865719625216,0.0,1
2018-01-03 22:02:30,0.984897691,0.9952743350927398,0.0,1
2018-01-03 22:02:40,0.984926996,0.9950959144255309,0.985064865,1
2018-01-03 22:02:50,0.984818433,0.9948106212193008,0.984952971,1
2018-01-03 22:03:00,0.984592647,0.9947131556010944,0.984897691,1
2018-01-03 22:03:10,0.984440126,0.9946440120264548,0.984926996,1
2018-01-03 22:03:20,0.983679515,0.9944135712792249,0.984818433,1
2018-01-03 22:03:30,0.9839759,0.9941277891296446,0.984592647,1
2018-01-03 22:03:40,0.983818716,0.9938404231528544,0.984440126,1
2018-01-03 22:03:50,0.983784083,0.9930145873568148,0.983679515,1
2018-01-03 22:04:00,0.983905301,0.9932422777976988,0.9839759,1
2018-01-03 22:04:10,0.98400787,0.9923362168752299,0.983818716,1
2018-01-03 22:04:20,0.983894644,0.9912882645924996,0.983784083,1
2018-01-03 22:04:30,0.984185035,0.990917416777322,0.983905301,1
2018-01-03 22:04:40,0.984058488,0.9908538611266859,0.98400787,1
2018-01-03 22:04:50,0.984219669,0.9910110267279659,0.983894644,1
2018-01-03 22:05:00,0.984256966,0.9911631701825478,0.984185035,1
2018-01-03 22:05:10,0.984206348,0.9909350623935896,0.984058488,1
2018-01-03 22:05:20,0.984167052,0.9908734660088074,0.984219669,1
2018-01-03 22:05:30,0.984215006,0.9908373610348392,0.984256966,1
2018-01-03 22:05:40,0.984195691,0.9905888520845888,0.984206348,1
2018-01-03 22:05:50,0.984018526,0.9904677303393584,0.984167052,1
2018-01-03 22:06:00,0.984108441,0.990354216901904,0.984215006,1
2018-01-03 22:06:10,0.983921285,0.9902754970225032,0.984195691,1
2018-01-03 22:06:20,0.984063817,0.9901384828721612,0.984018526,1
2018-01-03 22:06:30,0.983974568,0.9902079983929922,0.984108441,1
2018-01-03 22:06:40,0.984063151,0.9900662152987584,0.983921285,1
2018-01-03 22:06:50,0.985143457,0.9901659021167564,0.984063817,1
2018-01-03 22:07:00,0.985289318,0.9899442204404024,0.983974568,1
2018-01-03 22:07:10,0.985218053,0.9895731403771332,0.984063151,1
2018-01-03 22:07:20,0.0,0.0,0.985143457,0
2018-01-03 22:07:30,0.0,0.0,0.985289318,0
2018-01-03 22:07:40,0.0,0.0,0.985218053,0
2018-01-03 22:07:50,0.985138795,0.9902409007880161,0.0,1
2018-01-03 22:08:00,0.984933656,0.9911844758890378,0.0,1
2018-01-03 22:08:10,0.984930992,0.9920552054157676,0.0,1
2018-01-03 22:08:20,0.985027567,0.9925865261847452,0.985138795,1
2018-01-03 22:08:30,0.98500359,0.992665066202842,0.984933656,1
2018-01-03 22:08:40,0.984934988,0.9922963802157632,0.984930992,1
2018-01-03 22:08:50,0.984946311,0.9923817270237868,0.985027567,1
2018-01-03 22:09:00,0.984949641,0.9924243803461968,0.98500359,1
2018-01-03 22:09:10,0.984889698,0.9924972084582264,0.984934988,1
2018-01-03 22:09:20,0.984897691,0.9925595993759528,0.984946311,1
2018-01-03 22:09:30,0.984988271,0.9928316544409732,0.984949641,1
2018-01-03 22:09:40,0.98497495,0.9930188883120712,0.984889698,1
2018-01-03 22:09:50,0.984962962,0.9931986535734934,0.984897691,1
2018-01-03 22:10:00,0.984505397,0.9933447201607212,0.984988271,1
2018-01-03 22:10:10,0.984584655,0.9932268463963178,0.98497495,1
2018-01-03 22:10:20,0.984627281,0.9931568943189241,0.984962962,1
2018-01-03 22:10:30,0.0,0.0,0.984505397,0
2018-01-03 22:10:40,0.0,0.0,0.984584655,0
2018-01-03 22:10:50,0.0,0.0,0.984627281,0
2018-01-03 22:11:00,0.0,0.0,0.0,0
2018-01-03 22:11:10,0.0,0.0,0.0,0
2018-01-03 22:11:20,0.0,0.0,0.0,0
2018-01-03 22:11:30,0.0,0.0,0.0,0
2018-01-03 22:11:40,0.0,0.0,0.0,0
2018-01-03 22:11:50,0.0,0.0,0.0,0
2018-01-03 22:12:00,0.0,0.0,0.0,0
2018-01-03 22:12:10,0.984683228,0.9929969068160219,0.0,1
2018-01-03 22:12:20,0.984639936,0.9931290175630508,0.0,1
2018-01-03 22:12:30,0.984664579,0.9931798100460174,0.0,1
2018-01-03 22:12:40,0.984731848,0.9929943346247542,0.984683228,1
2018-01-03 22:12:50,0.984734512,0.9926668630696543,0.984639936,1
2018-01-03 22:13:00,0.984803114,0.9925918486823584,0.984664579,1
2018-01-03 22:13:10,0.984869717,0.9927130315455078,0.984731848,1
2018-01-03 22:13:20,0.98484241,0.9927781937242948,0.984734512,1
2018-01-03 22:13:30,0.984821763,0.9928212574098738,0.984803114,1
2018-01-03 22:13:40,0.984917672,0.9928762984613092,0.984869717,1
2018-01-03 22:13:50,0.984869717,0.9928915255542192,0.98484241,1
2018-01-03 22:14:00,0.984923,0.99288320129368,0.984821763,1
2018-01-03 22:14:10,0.984986273,0.9929849748520482,0.984917672,1
2018-01-03 22:14:20,0.0,0.0,0.984869717,0
2018-01-03 22:14:30,0.985234038,0.9930537866437,0.984923,1
2018-01-03 22:14:40,0.985083514,0.9931499478308968,0.984986273,1
2018-01-03 22:14:50,0.985185417,0.993344273126801,0.0,1
2018-01-03 22:15:00,0.985200736,0.993760585688653,0.985234038,1
2018-01-03 22:15:10,0.0,0.0,0.985083514,0
2018-01-03 22:15:20,0.985206064,0.9939208717962438,0.985185417,1
2018-01-03 22:15:30,0.985313295,0.9941271098476328,0.985200736,1
2018-01-03 22:15:40,0.985281326,0.994261495927467,0.0,1
2018-01-03 22:15:50,0.985383895,0.993929218757724,0.985206064,1
2018-01-03 22:16:00,0.985381897,0.994104712749736,0.985313295,1
2018-01-03 22:16:10,0.985369242,0.9941834972395078,0.985281326,1
2018-01-03 22:16:20,0.985285988,0.9945062050893948,0.985383895,1
2018-01-03 22:16:30,0.985328614,0.9949479654064044,0.985381897,1
2018-01-03 22:16:40,0.985339271,0.9953499292271508,0.985369242,1
2018-01-03 22:16:50,0.984821763,0.9955941669079909,0.985285988,1
2018-01-03 22:17:00,0.984837748,0.9956650951258592,0.985328614,1
2018-01-03 22:17:10,0.984841744,0.9958239493279241,0.985339271,1
2018-01-03 22:17:20,0.0,0.0,0.984821763,0
2018-01-03 22:17:30,0.0,0.0,0.984837748,0
2018-01-03 22:17:40,0.0,0.0,0.984841744,0
2018-01-03 22:17:50,0.0,0.0,0.0,0
2018-01-03 22:18:00,0.0,0.0,0.0,0
2018-01-03 22:18:10,0.0,0.0,0.0,0
2018-01-03 22:18:20,0.0,0.0,0.0,0
2018-01-03 22:18:30,0.0,0.0,0.0,0
2018-01-03 22:18:40,0.0,0.0,0.0,0
2018-01-03 22:18:50,0.985005588,0.9948472867318958,0.0,1
2018-01-03 22:19:00,0.985049546,0.9959336577383772,0.0,1
2018-01-03 22:19:10,0.985089508,0.9957515368177422,0.0,1
2018-01-03 22:19:20,0.985114818,0.9944025543378068,0.985005588,1
2018-01-03 22:19:30,0.984940317,0.99360682173611,0.985049546,1
2018-01-03 22:19:40,0.984889698,0.9934278387840484,0.985089508,1
2018-01-03 22:19:50,0.984865055,0.9931024277759252,0.985114818,1
2018-01-03 22:20:00,0.984988937,0.9935115057224186,0.984940317,1
2018-01-03 22:20:10,0.984972952,0.9939633766894224,0.984889698,1
2018-01-03 22:20:20,0.984391505,0.9941374579843972,0.984865055,1
2018-01-03 22:20:30,0.984342219,0.9944360993440908,0.984988937,1
2018-01-03 22:20:40,0.984307585,0.9943419480633088,0.984972952,1
2018-01-03 22:20:50,0.0,0.0,0.984391505,0
2018-01-03 22:21:00,0.0,0.0,0.984342219,0
2018-01-03 22:21:10,0.0,0.0,0.984307585,0
2018-01-03 22:21:20,0.0,0.0,0.0,0
2018-01-03 22:21:30,0.0,0.0,0.0,0
2018-01-03 22:21:40,0.0,0.0,0.0,0
2018-01-03 22:21:50,0.0,0.0,0.0,0
2018-01-03 22:22:00,0.0,0.0,0.0,0
2018-01-03 22:22:10,0.0,0.0,0.0,0
2018-01-03 22:22:20,0.0,0.0,0.0,0
2018-01-03 22:22:30,0.0,0.0,0.0,0
2018-01-03 22:22:40,0.0,0.0,0.0,0
2018-01-03 22:22:50,0.0,0.0,0.0,0
2018-01-03 22:23:00,0.0,0.0,0.0,0
2018-01-03 22:23:10,0.984213008,0.9937670048163519,0.0,1
2018-01-03 22:23:20,0.984135748,0.9932091117225114,0.0,1
2018-01-03 22:23:30,0.984211676,0.9928060722263942,0.0,1
2018-01-03 22:23:40,0.98404317,0.9923715535096478,0.984213008,1
2018-01-03 22:23:50,0.984044502,0.9918646624459236,0.984135748,1
2018-01-03 22:24:00,0.984123094,0.9916703179415308,0.984211676,1
2018-01-03 22:24:10,0.984012532,0.9911586963508924,0.98404317,1
2018-01-03 22:24:20,0.982972188,0.9909031710635652,0.984044502,1
2018-01-03 22:24:30,0.982834319,0.9911089323951878,0.984123094,1
2018-01-03 22:24:40,0.981237171,0.9909543808946056,0.984012532,1
2018-01-03 22:24:50,0.981245163,0.989957311898607,0.982972188,1
2018-01-03 22:25:00,0.98142699,0.9891557049918016,0.982834319,1
2018-01-03 22:25:10,0.981940502,0.987476231731578,0.981237171,1
2018-01-03 22:25:20,0.981908532,0.9862672546875528,0.981245163,1
2018-01-03 22:25:30,0.982043071,0.9855995676181724,0.98142699,1
2018-01-03 22:25:40,0.982247543,0.9853080168101714,0.981940502,1
2018-01-03 22:25:50,0.981965145,0.9842910399617968,0.981908532,1
2018-01-03 22:26:00,0.981710054,0.9837226258547928,0.982043071,1
2018-01-03 22:26:10,0.981595497,0.9836831960660424,0.982247543,1
2018-01-03 22:26:20,0.981147256,0.9834882325244436,0.981965145,1
2018-01-03 22:26:30,0.979749252,0.983195454119388,0.981710054,1
2018-01-03 22:26:40,0.980912146,0.9823108874958444,0.981595497,1
2018-01-03 22:26:50,0.981568855,0.9813595932016794,0.981147256,0
2018-01-03 22:27:00,0.981935174,0.9796670620981064,0.979749252,0
2018-01-03 22:27:10,0.981979132,0.9796286014649256,0.980912146,0
2018-01-03 22:27:20,0.982088361,0.9794245047234768,0.981568855,0
2018-01-03 22:27:30,0.982338124,0.9790608356444174,0.981935174,0
2018-01-03 22:27:40,0.982300826,0.9789309744733564,0.981979132,0
2018-01-03 22:27:50,0.982714433,0.9792231072112556,0.982088361,0
2018-01-03 22:28:00,0.982352777,0.9802370626516594,0.982338124,0
2018-01-03 22:28:10,0.0,0.0,0.982300826,0
2018-01-03 22:28:20,0.982406725,0.9800694952171579,0.982714433,0
2018-01-03 22:28:30,0.98272842,0.9800922629515768,0.982352777,0
2018-01-03 22:28:40,0.0,0.0,0.0,0
2018-01-03 22:28:50,0.982554585,0.9796616418118229,0.982406725,0
2018-01-03 22:29:00,0.982822996,0.9793547307611604,0.98272842,0
2018-01-03 22:29:10,0.982611198,0.979681182083573,0.0,0
2018-01-03 22:29:20,0.0,0.0,0.982554585,0
2018-01-03 22:29:30,0.982769714,0.980177972538104,0.982822996,0
2018-01-03 22:29:40,0.982324137,0.9808732473629128,0.982611198,0
2018-01-03 22:29:50,0.982176278,0.9812020477961896,0.0,0
2018-01-03 22:30:00,0.982469332,0.9815267550751341,0.982769714,0
2018-01-03 22:30:10,0.982397401,0.9814220548415691,0.982324137,0
2018-01-03 22:30:20,0.982358771,0.9808905105556316,0.982176278,0
2018-01-03 22:30:30,0.982374756,0.9812040018233648,0.982469332,0
2018-01-03 22:30:40,0.982459342,0.9810333300351454,0.982397401,0
2018-01-03 22:30:50,0.982535936,0.9812006612925464,0.982358771,0
2018-01-03 22:31:00,0.98266115,0.9810304312995684,0.982374756,0
2018-01-03 22:31:10,0.982917573,0.9812637882446376,0.982459342,0
2018-01-03 22:31:20,0.983162673,0.9816332923387152,0.982535936,0
2018-01-03 22:31:30,0.983820048,0.981832775986965,0.98266115,0
2018-01-03 22:31:40,0.983844692,0.9820843408331544,0.982917573,0
2018-01-03 22:31:50,0.0,0.0,0.983162673,0
2018-01-03 22:32:00,0.983738792,0.9825620742840504,0.983820048,0
2018-01-03 22:32:10,0.0,0.0,0.983844692,0
2018-01-03 22:32:20,0.983600257,0.9835168950821296,0.0,0
2018-01-03 22:32:30,0.983352493,0.9843388778299462,0.983738792,1
2018-01-03 22:32:40,0.982856964,0.9849111598280964,0.0,1
2018-01-03 22:32:50,0.982838981,0.9853313001178908,0.983600257,1
2018-01-03 22:33:00,0.982803681,0.9853078308370756,0.983352493,1
2018-01-03 22:33:10,0.982404727,0.9845249452219088,0.982856964,1
2018-01-03 22:33:20,0.982322805,0.9841960522386404,0.982838981,1
2018-01-03 22:33:30,0.982230892,0.9840061955357132,0.982803681,1
2018-01-03 22:33:40,0.981628798,0.9836125463712612,0.982404727,1
2018-01-03 22:33:50,0.981734698,0.9833479398343152,0.982322805,1
2018-01-03 22:34:00,0.982028418,0.9831601890802466,0.982230892,1
2018-01-03 22:34:10,0.982367429,0.982738774918402,0.981628798,1
2018-01-03 22:34:20,0.981773327,0.9825490998230048,0.981734698,1
2018-01-03 22:34:30,0.981983128,0.9816090695612728,0.982028418,0
2018-01-03 22:34:40,0.982027752,0.9810898422821974,0.982367429,0
2018-01-03 22:34:50,0.981762005,0.9805745029758705,0.981773327,0
2018-01-03 22:35:00,0.981928513,0.9806136507490812,0.981983128,0
2018-01-03 22:35:10,0.981332413,0.9808244473240988,0.982027752,0
2018-01-03 22:35:20,0.981331747,0.9810320902145072,0.981762005,0
2018-01-03 22:35:30,0.981887885,0.981158227994644,0.981928513,0
2018-01-03 22:35:40,0.981797971,0.9805436043754698,0.981332413,0
2018-01-03 22:35:50,0.981734032,0.9801863862927388,0.981331747,0
2018-01-03 22:36:00,0.981294449,0.9802574603204988,0.981887885,0
2018-01-03 22:36:10,0.981516239,0.9798488983838624,0.981797971,0
2018-01-03 22:36:20,0.981270472,0.9793496165010276,0.981734032,0
2018-01-03 22:36:30,0.981674755,0.9786246693632032,0.981294449,0
2018-01-03 22:36:40,0.981341072,0.9786168890521412,0.981516239,0
2018-01-03 22:36:50,0.981247161,0.978483127248192,0.981270472,0
2018-01-03 22:37:00,0.981779322,0.9784204364161068,0.981674755,0
2018-01-03 22:37:10,0.982032415,0.9779460094446174,0.981341072,0
2018-01-03 22:37:20,0.982133652,0.9775779464237536,0.981247161,0
2018-01-03 22:37:30,0.982175612,0.9779257658802446,0.981779322,0
2018-01-03 22:37:40,0.982337458,0.9780715766453268,0.982032415,0
2018-01-03 22:37:50,0.98195249,0.9782958615084648,0.982133652,0
2018-01-03 22:38:00,0.981634126,0.9784332449856588,0.982175612,0
2018-01-03 22:38:10,0.98178132,0.9789358870443574,0.982337458,0
2018-01-03 22:38:20,0.981738694,0.9791562883003131,0.98195249,0
2018-01-03 22:38:30,0.981649445,0.9788395704430242,0.981634126,0
2018-01-03 22:38:40,0.981669426,0.9786180031444894,0.98178132,0
2018-01-03 22:38:50,0.981666762,0.9782787043989908,0.981738694,0
2018-01-03 22:39:00,0.981650111,0.9781463683887756,0.981649445,0
2018-01-03 22:39:10,0.981777324,0.9779728310432779,0.981669426,0
2018-01-03 22:39:20,0.982148304,0.9781261418501088,0.981666762,0
2018-01-03 22:39:30,0.982095688,0.978285806301154,0.981650111,0
2018-01-03 22:39:40,0.982067714,0.9784605350095116,0.981777324,0
2018-01-03 22:39:50,0.982172282,0.9785099292018072,0.982148304,0
2018-01-03 22:40:00,0.982320807,0.9784086694705136,0.982095688,0
2018-01-03 22:40:10,0.982424708,0.9783465946197386,0.982067714,0
2018-01-03 22:40:20,0.982512625,0.9785116763011716,0.982172282,0
2018-01-03 22:40:30,0.982517287,0.9788385148492552,0.982320807,0
2018-01-03 22:40:40,0.982799685,0.9791970583177112,0.982424708,0
2018-01-03 22:40:50,0.0,0.0,0.982512625,0
2018-01-03 22:41:00,0.982529942,0.9796191111618072,0.982517287,0
2018-01-03 22:41:10,0.0,0.0,0.982799685,0
2018-01-03 22:41:20,0.982554585,0.9800055409903802,0.0,0
2018-01-03 22:41:30,0.982477325,0.9806050235182876,0.982529942,0
2018-01-03 22:41:40,0.0,0.0,0.0,0
2018-01-03 22:41:50,0.982397401,0.9808912710371638,0.982554585,0
2018-01-03 22:42:00,0.98233546,0.9812079098777148,0.982477325,0
2018-01-03 22:42:10,0.982304822,0.9813175423273259,0.0,0
2018-01-03 22:42:20,0.982463338,0.9809741678897572,0.982397401,0
2018-01-03 22:42:30,0.982448019,0.9810491403676229,0.98233546,0
2018-01-03 22:42:40,0.982466002,0.9810271702220446,0.982304822,0
2018-01-03 22:42:50,0.982669143,0.9813161872557552,0.982463338,0
2018-01-03 22:43:00,0.982475993,0.9814048990417648,0.982448019,0
2018-01-03 22:43:10,0.98238741,0.981304239575745,0.982466002,0
2018-01-03 22:43:20,0.98230682,0.9813851326337152,0.982669143,0
2018-01-03 22:43:30,0.982475993,0.9813015547528838,0.982475993,0
2018-01-03 22:43:40,0.982286839,0.981264728587474,0.98238741,0
2018-01-03 22:43:50,0.982130987,0.9812708447449184,0.98230682,0
2018-01-03 22:44:00,0.982209579,0.9815434001037596,0.982475993,0
2018-01-03 22:44:10,0.0,0.0,0.982286839,0
2018-01-03 22:44:20,0.0,0.0,0.982130987,0
2018-01-03 22:44:30,0.0,0.0,0.982209579,0
2018-01-03 22:44:40,0.0,0.0,0.0,0
2018-01-03 22:44:50,0.0,0.0,0.0,0
2018-01-03 22:45:00,0.981977134,0.9816355615597284,0.0,0
2018-01-03 22:45:10,0.981734032,0.9813520949061569,0.0,0
2018-01-03 22:45:20,0.981608817,0.9812628138503896,0.0,0
2018-01-03 22:45:30,0.981398351,0.98082624942959,0.981977134,0
2018-01-03 22:45:40,0.981524231,0.9804059755534872,0.981734032,0
2018-01-03 22:45:50,0.9816974,0.980148647287556,0.981608817,0
2018-01-03 22:46:00,0.981819284,0.9796883001383292,0.981398351,0
2018-01-03 22:46:10,0.981802633,0.9795803095779506,0.981524231,0
2018-01-03 22:46:20,0.981894546,0.9794787804912576,0.9816974,0
2018-01-03 22:46:30,0.982038409,0.979364889868933,0.981819284,0
2018-01-03 22:46:40,0.982067048,0.9791913599448973,0.981802633,0
2018-01-03 22:46:50,0.98207171,0.9791693068535716,0.981894546,0
2018-01-03 22:47:00,0.982089693,0.9793110759779956,0.982038409,0
2018-01-03 22:47:10,0.981918523,0.97941476907557,0.982067048,0
2018-01-03 22:47:20,0.981805963,0.9794171518012896,0.98207171,0
2018-01-03 22:47:30,0.981660102,0.979397013010492,0.982089693,0
2018-01-03 22:47:40,0.981758675,0.9795545112678729,0.981918523,0
2018-01-03 22:47:50,0.981563527,0.9796072647629196,0.981805963,0
2018-01-03 22:48:00,0.981498256,0.9794835350287828,0.981660102,0
2018-01-03 22:48:10,0.981259816,0.9795617707669556,0.981758675,0
2018-01-03 22:48:20,0.981608817,0.9794253018757604,0.981563527,0
2018-01-03 22:48:30,0.981766001,0.9785435270314355,0.981498256,0
2018-01-03 22:48:40,0.981859246,0.9781791358878212,0.981259816,0
2018-01-03 22:48:50,0.98207171,0.9783806089243278,0.981608817,0
2018-01-03 22:49:00,0.982081035,0.9784527922423141,0.981766001,0
2018-01-03 22:49:10,0.982028418,0.9782025051971835,0.981859246,0
2018-01-03 22:49:20,0.981985126,0.9782352194363289,0.98207171,0
2018-01-03 22:49:30,0.981903204,0.978368211591058,0.982081035,0
2018-01-03 22:49:40,0.981970473,0.9786476392233104,0.982028418,0
2018-01-03 22:49:50,0.981993785,0.9787818589750942,0.981985126,0
2018-01-03 22:50:00,0.982012434,0.9788191042348044,0.981903204,0
2018-01-03 22:50:10,0.981955821,0.9789573739218209,0.981970473,0
2018-01-03 22:50:20,0.981884555,0.9788791447319968,0.981993785,0
2018-01-03 22:50:30,0.981756011,0.9789293587775176,0.982012434,0
2018-01-03 22:50:40,0.981646115,0.9789142923374228,0.981955821,0
2018-01-03 22:50:50,0.981363051,0.9789209345455256,0.981884555,0
2018-01-03 22:51:00,0.981588836,0.9789001653670512,0.981756011,0
2018-01-03 22:51:10,0.981568189,0.9788763612473526,0.981646115,0
2018-01-03 22:51:20,0.981544878,0.978550201544724,0.981363051,0
2018-01-03 22:51:30,0.981610149,0.978653939171068,0.981588836,0
2018-01-03 22:51:40,0.98153955,0.9782739839128776,0.981568189,0
2018-01-03 22:51:50,0.981538218,0.9778537541289876,0.981544878,0
2018-01-03 22:52:00,0.981583508,0.9776899637818672,0.981610149,0
2018-01-03 22:52:10,0.981646781,0.977529252904741,0.98153955,0
2018-01-03 22:52:20,0.981870568,0.9776810540989777,0.981538218,0
2018-01-03 22:52:30,0.981925849,0.9778322310173292,0.981583508,0
2018-01-03 22:52:40,0.981961815,0.9779160215012068,0.981646781,0
2018-01-03 22:52:50,0.982015764,0.9781312805574092,0.981870568,0
2018-01-03 22:53:00,0.981940502,0.9782092190005626,0.981925849,0
2018-01-03 22:53:10,0.981963813,0.9782799992257559,0.981961815,0
2018-01-03 22:53:20,0.981980464,0.9784089244195464,0.982015764,0
2018-01-03 22:53:30,0.98199112,0.9785157236170652,0.981940502,0
2018-01-03 22:53:40,0.982056392,0.9787212623048408,0.981963813,0
2018-01-03 22:53:50,0.98210701,0.9787824919821102,0.981980464,0
2018-01-03 22:54:00,0.98221624,0.9788368345430452,0.98199112,0
2018-01-03 22:54:10,0.982354775,0.9788505904403384,0.982056392,0
2018-01-03 22:54:20,0.982263528,0.9787725716707776,0.98210701,0
2018-01-03 22:54:30,0.98214897,0.9789621070680746,0.98221624,0
2018-01-03 22:54:40,0.982066382,0.9793481501075332,0.982354775,0
2018-01-03 22:54:50,0.981948494,0.9796413275252872,0.982263528,0
2018-01-03 22:55:00,0.982154965,0.9798347460932102,0.98214897,0
2018-01-03 22:55:10,0.982083033,0.9799580755049788,0.982066382,0
2018-01-03 22:55:20,0.982003109,0.9798832453445524,0.981948494,0
2018-01-03 22:55:30,0.982214908,0.979848322565756,0.982154965,0
2018-01-03 22:55:40,0.982260198,0.9796448924461788,0.982083033,0
2018-01-03 22:55:50,0.982210245,0.979480701340134,0.982003109,0
2018-01-03 22:56:00,0.98231015,0.9796926382008936,0.982214908,0
2018-01-03 22:56:10,0.982378086,0.9797823291832736,0.982260198,0
2018-01-03 22:56:20,0.981970473,0.9798154738671896,0.982210245,0
2018-01-03 22:56:30,0.982144974,0.9798517163564752,0.98231015,0
2018-01-03 22:56:40,0.982283509,0.9799932829186538,0.982378086,0
2018-01-03 22:56:50,0.982294832,0.9803457613067827,0.981970473,0
2018-01-03 22:57:00,0.982405393,0.9808869412691742,0.982144974,0
2018-01-03 22:57:10,0.982462006,0.9812560865137572,0.982283509,0
2018-01-03 22:57:20,0.982495308,0.98142919516071,0.982294832,0
2018-01-03 22:57:30,0.98245801,0.9815072523472484,0.982405393,0
2018-01-03 22:57:40,0.98242937,0.9803001655931398,0.982462006,0
2018-01-03 22:57:50,0.982490646,0.9805840033197896,0.982495308,0
2018-01-03 22:58:00,0.0,0.0,0.98245801,0
2018-01-03 22:58:10,0.982549257,0.980708927472682,0.98242937,0
2018-01-03 22:58:20,0.982845641,0.9807648224287542,0.982490646,0
2018-01-03 22:58:30,0.983381132,0.9809398842297691,0.0,0
2018-01-03 22:58:40,0.983462388,0.9810520478343312,0.982549257,0
2018-01-03 22:58:50,0.0,0.0,0.982845641,0
2018-01-03 22:59:00,0.0,0.0,0.983381132,0
2018-01-03 22:59:10,0.984086462,0.9813638103380758,0.983462388,0
2018-01-03 22:59:20,0.0,0.0,0.0,0
2018-01-03 22:59:30,0.0,0.0,0.0,0
2018-01-03 22:59:40,0.0,0.0,0.984086462,0
2018-01-03 22:59:50,0.983892646,0.9820816018772796,0.0,0
2018-01-03 23:00:00,0.983778088,0.9827721924501698,0.0,0
2018-01-03 23:00:10,0.983856014,0.9839094790485684,0.0,1
2018-01-03 23:00:20,0.0,0.0,0.983892646,0
2018-01-03 23:00:30,0.983738126,0.984734056688594,0.983778088,1
2018-01-03 23:00:40,0.983636223,0.9853560729566024,0.983856014,1
2018-01-03 23:00:50,0.98369883,0.9857791958008338,0.0,1
2018-01-03 23:01:00,0.983549639,0.9860546333061024,0.983738126,1
2018-01-03 23:01:10,0.983397117,0.9861199543914784,0.983636223,1
2018-01-03 23:01:20,0.98345706,0.9860228633388028,0.98369883,1
2018-01-03 23:01:30,0.983395119,0.9861017587139416,0.983549639,1
2018-01-03 23:01:40,0.983457726,0.986154198761376,0.983397117,1
2018-01-03 23:01:50,0.983538982,0.9862648614844756,0.98345706,1
2018-01-03 23:02:00,0.983434415,0.9863345070991624,0.983395119,1
2018-01-03 23:02:10,0.983463054,0.9864980638885216,0.983457726,1
2018-01-03 23:02:20,0.983517003,0.9865692261007072,0.983538982,1
2018-01-03 23:02:30,0.983636889,0.9864935071111192,0.983434415,1
2018-01-03 23:02:40,0.983562959,0.986501551975458,0.983463054,1
2018-01-03 23:02:50,0.983493026,0.9865562734674896,0.983517003,1
2018-01-03 23:03:00,0.983228611,0.9867015525066782,0.983636889,1
2018-01-03 23:03:10,0.98297352,0.9867119469184379,0.983562959,1
2018-01-03 23:03:20,0.983013482,0.9866740983375579,0.983493026,1
2018-01-03 23:03:30,0.0,0.0,0.983228611,0
2018-01-03 23:03:40,0.0,0.0,0.98297352,0
2018-01-03 23:03:50,0.0,0.0,0.983013482,0
2018-01-03 23:04:00,0.0,0.0,0.0,0
2018-01-03 23:04:10,0.0,0.0,0.0,0
2018-01-03 23:04:20,0.0,0.0,0.0,0
2018-01-03 23:04:30,0.0,0.0,0.0,0
2018-01-03 23:04:40,0.0,0.0,0.0,0
2018-01-03 23:04:50,0.982737744,0.9867248969323164,0.0,1
2018-01-03 23:05:00,0.982710437,0.9863702706858984,0.0,1
2018-01-03 23:05:10,0.98269645,0.9862001786447944,0.0,1
2018-01-03 23:05:20,0.982790361,0.9856725066155688,0.982737744,1
2018-01-03 23:05:30,0.982950209,0.985256891671104,0.982710437,1
2018-01-03 23:05:40,0.983105394,0.9850331738949412,0.98269645,1
2018-01-03 23:05:50,0.983127374,0.9848410479710004,0.982790361,1
2018-01-03 23:06:00,0.983227279,0.9848300135673196,0.982950209,1
2018-01-03 23:06:10,0.983273901,0.9846312528567378,0.983105394,1
2018-01-03 23:06:20,0.983447736,0.984559298730947,0.983127374,1
2018-01-03 23:06:30,0.983350495,0.984449952662441,0.983227279,1
2018-01-03 23:06:40,0.983449068,0.9847025521476844,0.983273901,1
2018-01-03 23:06:50,0.983240599,0.9850577651261226,0.983447736,1
2018-01-03 23:07:00,0.983235271,0.9851977784200509,0.983350495,1
2018-01-03 23:07:10,0.9830994,0.9854003354265028,0.983449068,1
2018-01-03 23:07:20,0.983034129,0.9853965635778004,0.983240599,1
2018-01-03 23:07:30,0.982971522,0.9854672761367266,0.983235271,1
2018-01-03 23:07:40,0.982940218,0.9853636751525866,0.9830994,1
2018-01-03 23:07:50,0.983000161,0.9851519111682258,0.983034129,1
2018-01-03 23:08:00,0.982956203,0.9851713073763102,0.982971522,1
2018-01-03 23:08:10,0.983078087,0.9849466614808948,0.982940218,1
2018-01-03 23:08:20,0.983170666,0.9849841468467144,0.983000161,1
2018-01-03 23:08:30,0.983350495,0.9846192065149444,0.982956203,1
2018-01-03 23:08:40,0.983277231,0.9844434339998456,0.983078087,1
2018-01-03 23:08:50,0.983234605,0.9843357154142054,0.983170666,1
2018-01-03 23:09:00,0.983252588,0.9844487381620832,0.983350495,1
2018-01-03 23:09:10,0.983632893,0.9844931874781926,0.983277231,1
2018-01-03 23:09:20,0.983788079,0.9845825261594264,0.983234605,1
2018-01-03 23:09:30,0.98396258,0.9848682070278842,0.983252588,1
2018-01-03 23:09:40,0.983720143,0.9854452457463424,0.983632893,1
2018-01-03 23:09:50,0.983728802,0.9859204637583237,0.983788079,1
2018-01-03 23:10:00,0.983882656,0.9862445057250662,0.98396258,1
2018-01-03 23:10:10,0.983884654,0.9863835804223844,0.983720143,1
2018-01-03 23:10:20,0.983822047,0.9866577161159832,0.983728802,1
2018-01-03 23:10:30,0.983689506,0.987086077638968,0.983882656,1
2018-01-03 23:10:40,0.983544977,0.9871932644987144,0.983884654,1
2018-01-03 23:10:50,0.983531656,0.9871263735559388,0.983822047,1
2018-01-03 23:11:00,0.983736794,0.986764008034776,0.983689506,1
2018-01-03 23:11:10,0.983842028,0.9867282907230356,0.983544977,1
2018-01-03 23:11:20,0.983892646,0.986812350562312,0.983531656,1
2018-01-03 23:11:30,0.984242314,0.9870517101601196,0.983736794,1
2018-01-03 23:11:40,0.984431467,0.9871533518784056,0.983842028,1
2018-01-03 23:11:50,0.98424631,0.987089548263642,0.983892646,1
2018-01-03 23:12:00,0.984173712,0.9874802698797838,0.984242314,1
2018-01-03 23:12:10,0.984321572,0.9880480143090205,0.984431467,1
2018-01-03 23:12:20,0.984478756,0.9884012252390616,0.98424631,1
2018-01-03 23:12:30,0.984763152,0.9886129534257844,0.984173712,1
2018-01-03 23:12:40,0.984667909,0.9890263847143221,0.984321572,1
2018-01-03 23:12:50,0.984597976,0.9894689500416336,0.984478756,1
2018-01-03 23:13:00,0.984670573,0.9898106288935123,0.984763152,1
2018-01-03 23:13:10,0.0,0.0,0.984667909,0
2018-01-03 23:13:20,0.98484574,0.989971747951025,0.984597976,1
2018-01-03 23:13:30,0.985091506,0.9902283227203292,0.984670573,1
2018-01-03 23:13:40,0.985308633,0.990542896648338,0.0,1
2018-01-03 23:13:50,0.985249356,0.9908999422912268,0.98484574,1
2018-01-03 23:14:00,0.0,0.0,0.985091506,0
2018-01-03 23:14:10,0.0,0.0,0.985308633,0
2018-01-03 23:14:20,0.985495789,0.9914400605480576,0.985249356,1
2018-01-03 23:14:30,0.985076188,0.9919937661913479,0.0,1
2018-01-03 23:14:40,0.0,0.0,0.0,0
2018-01-03 23:14:50,0.98507752,0.9923530819283634,0.985495789,1
2018-01-03 23:15:00,0.985123476,0.9930325979343688,0.985076188,1
2018-01-03 23:15:10,0.0,0.0,0.0,0
2018-01-03 23:15:20,0.98497495,0.9932909992563316,0.98507752,1
2018-01-03 23:15:30,0.984897691,0.9935036250033472,0.985123476,1
2018-01-03 23:15:40,0.984697881,0.9938199730972276,0.0,1
2018-01-03 23:15:50,0.984672571,0.9938103321820949,0.98497495,1
2018-01-03 23:16:00,0.984807776,0.9938428958092259,0.984897691,1
2018-01-03 23:16:10,0.984860393,0.9937137763477653,0.984697881,1
2018-01-03 23:16:20,0.98472652,0.9937891626812526,0.984672571,1
2018-01-03 23:16:30,0.984654588,0.9938321076234464,0.984807776,1
2018-01-03 23:16:40,0.984390173,0.9932513424581684,0.984860393,1
2018-01-03 23:16:50,0.984436795,0.9928215123589064,0.98472652,1
2018-01-03 23:17:00,0.984376186,0.9927116048786608,0.984654588,1
2018-01-03 23:17:10,0.984410154,0.992715563573572,0.984390173,1
2018-01-03 23:17:20,0.984282942,0.99296064992037,0.984436795,1
2018-01-03 23:17:30,0.984361534,0.9928693275261148,0.984376186,1
2018-01-03 23:17:40,0.984280278,0.9926089948779184,0.984410154,1
2018-01-03 23:17:50,0.984183703,0.9923677240354792,0.984282942,1
2018-01-03 23:18:00,0.984211676,0.992329373414552,0.984361534,1
2018-01-03 23:18:10,0.984234321,0.9923474555873822,0.984280278,1
2018-01-03 23:18:20,0.983988555,0.9921328216801776,0.984183703,1
2018-01-03 23:18:30,0.984077803,0.9920016731038132,0.984211676,1
2018-01-03 23:18:40,0.984092456,0.991558727099179,0.984234321,1
2018-01-03 23:18:50,0.983999877,0.9910468924689378,0.983988555,1
2018-01-03 23:19:00,0.983978564,0.9908391788563664,0.984077803,1
2018-01-03 23:19:10,0.984103113,0.9907190280129315,0.984092456,1
2018-01-03 23:19:20,0.984140411,0.9905360304867188,0.983999877,1
2018-01-03 23:19:30,0.984211676,0.9903799265909992,0.983978564,1
2018-01-03 23:19:40,0.98420435,0.9903373396251868,0.984103113,1
2018-01-03 23:19:50,0.984168384,0.990226325037498,0.984140411,1
2018-01-03 23:20:00,0.984440792,0.9900451977196,0.984211676,1
2018-01-03 23:20:10,0.98445278,0.9898595319596752,0.98420435,1
2018-01-03 23:20:20,0.984411486,0.9898135870007818,0.984168384,1
2018-01-03 23:20:30,0.0,0.0,0.984440792,0
2018-01-03 23:20:40,0.0,0.0,0.98445278,0
2018-01-03 23:20:50,0.0,0.0,0.984411486,0
2018-01-03 23:21:00,0.0,0.0,0.0,0
2018-01-03 23:21:10,0.0,0.0,0.0,0
2018-01-03 23:21:20,0.98449141,0.9900570318949038,0.0,1
2018-01-03 23:21:30,0.984621287,0.9903174658242228,0.0,1
2018-01-03 23:21:40,0.984731182,0.9905119378031318,0.0,1
2018-01-03 23:21:50,0.984817101,0.990764091127568,0.98449141,1
2018-01-03 23:22:00,0.984748499,0.990898496415891,0.984621287,1
2018-01-03 23:22:10,0.0,0.0,0.984731182,0
2018-01-03 23:22:20,0.984828423,0.9909885300951728,0.984817101,1
2018-01-03 23:22:30,0.984843076,0.991225629203098,0.984748499,1
2018-01-03 23:22:40,0.984836416,0.9913919607459702,0.0,1
2018-01-03 23:22:50,0.984819099,0.9917007197405631,0.984828423,1
2018-01-03 23:23:00,0.984713199,0.9920199264068162,0.984843076,1
2018-01-03 23:23:10,0.984657919,0.9921843580555272,0.984836416,1
2018-01-03 23:23:20,0.984713199,0.9923877654741632,0.984819099,1
2018-01-03 23:23:30,0.984704541,0.9921573823523998,0.984713199,1
2018-01-03 23:23:40,0.984360868,0.9922035054263708,0.984657919,1
2018-01-03 23:23:50,0.984277613,0.9922797212173272,0.984713199,1
2018-01-03 23:24:00,0.984161058,0.9924159652818928,0.984704541,1
2018-01-03 23:24:10,0.0,0.0,0.984360868,0
2018-01-03 23:24:20,0.0,0.0,0.984277613,0
2018-01-03 23:24:30,0.0,0.0,0.984161058,0
2018-01-03 23:24:40,0.0,0.0,0.0,0
2018-01-03 23:24:50,0.0,0.0,0.0,0
2018-01-03 23:25:00,0.0,0.0,0.0,0
2018-01-03 23:25:10,0.0,0.0,0.0,0
2018-01-03 23:25:20,0.0,0.0,0.0,0
2018-01-03 23:25:30,0.984065815,0.9921141789687208,0.0,1
2018-01-03 23:25:40,0.984005206,0.9919060095910978,0.0,1
2018-01-03 23:25:50,0.984179706,0.9917488841530216,0.0,1
2018-01-03 23:26:00,0.984236985,0.9915756550164574,0.984065815,1
2018-01-03 23:26:10,0.984272951,0.9911014812477744,0.984005206,1
2018-01-03 23:26:20,0.984262295,0.9908688472403732,0.984179706,1
2018-01-03 23:26:30,0.984232323,0.990513509406758,0.984236985,1
2018-01-03 23:26:40,0.984138412,0.990293657775515,0.984272951,1
2018-01-03 23:26:50,0.984027185,0.9901820232775068,0.984262295,1
2018-01-03 23:27:00,0.983935938,0.9902150688630832,0.984232323,1
2018-01-03 23:27:10,0.983944597,0.9905564456178206,0.984138412,1
2018-01-03 23:27:20,0.983912627,0.990490158869328,0.984027185,1
2018-01-03 23:27:30,0.983989221,0.99038468680376,0.983935938,1
2018-01-03 23:27:40,0.983975234,0.9903569864167384,0.983944597,1
2018-01-03 23:27:50,0.983907299,0.9902796303400396,0.983912627,1
2018-01-03 23:28:00,0.983880657,0.9902763404497824,0.983989221,1
2018-01-03 23:28:10,0.983807394,0.9899488461937416,0.983975234,1
2018-01-03 23:28:20,0.983816718,0.9895586659077376,0.983907299,1
2018-01-03 23:28:30,0.983764768,0.9894405895810888,0.983880657,1
2018-01-03 23:28:40,0.983817384,0.9893716311064321,0.983807394,1
2018-01-03 23:28:50,0.983794073,0.9894642928562216,0.983816718,1
2018-01-03 23:29:00,0.983767432,0.9892454278428108,0.983764768,1
2018-01-03 23:29:10,0.983598259,0.9889468703019771,0.983817384,1
2018-01-03 23:29:20,0.983516337,0.9886092199940596,0.983794073,1
2018-01-03 23:29:30,0.983380466,0.9883605713457092,0.983767432,1
2018-01-03 23:29:40,0.983333844,0.9881722862464078,0.983598259,1
2018-01-03 23:29:50,0.983263244,0.988127699851538,0.983516337,1
2018-01-03 23:30:00,0.983114053,0.9881562960526264,0.983380466,1
2018-01-03 23:30:10,0.98293822,0.9879880943014392,0.983333844,1
2018-01-03 23:30:20,0.982978182,0.9875937152144144,0.983263244,1
2018-01-03 23:30:30,0.983093406,0.9870898468683308,0.983114053,1
2018-01-03 23:30:40,0.983431751,0.986731992722688,0.98293822,1
2018-01-03 23:30:50,0.983409106,0.9868070856901651,0.982978182,1
2018-01-03 23:31:00,0.983518335,0.9868948754687141,0.983093406,1
2018-01-03 23:31:10,0.983474377,0.9866427631805949,0.983431751,1
2018-01-03 23:31:20,0.983436413,0.98585465722205,0.983409106,1
2018-01-03 23:31:30,0.983395119,0.9856715103934924,0.983518335,1
2018-01-03 23:31:40,0.983458392,0.9856781093824956,0.983474377,1
2018-01-03 23:31:50,0.983406442,0.9859861471856466,0.983436413,1
2018-01-03 23:32:00,0.983524996,0.9863218425932759,0.983395119,1
2018-01-03 23:32:10,0.983548973,0.9863890688114918,0.983458392,1
2018-01-03 23:32:20,0.98361491,0.9863519833314836,0.983406442,1
2018-01-03 23:32:30,0.983730134,0.9864538992072912,0.983524996,1
2018-01-03 23:32:40,0.983713483,0.9864440749384022,0.983548973,1
2018-01-03 23:32:50,0.983732132,0.9864243338506332,0.98361491,1
2018-01-03 23:33:00,0.0,0.0,0.983730134,0
2018-01-03 23:33:10,0.983746119,0.9865435155384988,0.983713483,1
2018-01-03 23:33:20,0.0,0.0,0.983732132,0
2018-01-03 23:33:30,0.983693502,0.9865938068545312,0.0,1
2018-01-03 23:33:40,0.983602255,0.986717795030153,0.983746119,1
2018-01-03 23:33:50,0.983594929,0.9869312406303936,0.0,1
2018-01-03 23:34:00,0.98353765,0.9871741180009841,0.983693502,1
2018-01-03 23:34:10,0.983616242,0.9872895435561834,0.983602255,1
2018-01-03 23:34:20,0.983679515,0.9874405921269056,0.983594929,1
2018-01-03 23:34:30,0.983698164,0.9876676547994528,0.98353765,1
2018-01-03 23:34:40,0.0,0.0,0.983616242,0
2018-01-03 23:34:50,0.0,0.0,0.983679515,0
2018-01-03 23:35:00,0.0,0.0,0.983698164,0
2018-01-03 23:35:10,0.983760771,0.9873570657597488,0.0,1
2018-01-03 23:35:20,0.983839363,0.9868687833560698,0.0,1
2018-01-03 23:35:30,0.983866671,0.9866253611628892,0.0,1
2018-01-03 23:35:40,0.983931942,0.9867895011918162,0.983760771,1
2018-01-03 23:35:50,0.983824045,0.9870734690123216,0.983839363,1
2018-01-03 23:36:00,0.983833369,0.9872358986126356,0.983866671,1
2018-01-03 23:36:10,0.983852018,0.9875942364629504,0.983931942,1
2018-01-03 23:36:20,0.98409179,0.9879604270927164,0.983824045,1
2018-01-03 23:36:30,0.984076471,0.988392230427642,0.983833369,1
2018-01-03 23:36:40,0.984382847,0.9887160366538408,0.983852018,1
2018-01-03 23:36:50,0.98425297,0.9890889764480674,0.98409179,1
2018-01-03 23:37:00,0.984235653,0.9891793576263732,0.984076471,1
2018-01-03 23:37:10,0.984388841,0.9886979474961054,0.984382847,1
2018-01-03 23:37:20,0.0,0.0,0.98425297,0
2018-01-03 23:37:30,0.0,0.0,0.984235653,0
2018-01-03 23:37:40,0.984338222,0.9888570898255016,0.984388841,1
2018-01-03 23:37:50,0.984134416,0.989054781845618,0.0,1
2018-01-03 23:38:00,0.984047166,0.9894587189020282,0.0,1
2018-01-03 23:38:10,0.984103779,0.9894524813818592,0.984338222,1
2018-01-03 23:38:20,0.98416239,0.9894107797527559,0.984134416,1
2018-01-03 23:38:30,0.984153731,0.9893264667106728,0.984047166,1
2018-01-03 23:38:40,0.984352209,0.9895562246834384,0.984103779,1
2018-01-03 23:38:50,0.984208346,0.989808498497486,0.98416239,1
2018-01-03 23:39:00,0.984242314,0.9897767451193356,0.984153731,1
2018-01-03 23:39:10,0.984629279,0.9898068064042488,0.984352209,1
2018-01-03 23:39:20,0.984462771,0.9896934204413108,0.984208346,1
2018-01-03 23:39:30,0.984444788,0.9898231737829004,0.984242314,1
2018-01-03 23:39:40,0.984464103,0.9902687827825676,0.984629279,1
2018-01-03 23:39:50,0.0,0.0,0.984462771,0
2018-01-03 23:40:00,0.984554017,0.9903990198288292,0.984444788,1
2018-01-03 23:40:10,0.984567338,0.990679283903456,0.984464103,1
2018-01-03 23:40:20,0.984585987,0.9909530502702024,0.0,1
